,word_ru,value
0,покидать,-2
1,заброшенный,-2
2,бросает,-2
3,похищен,-2
4,похищение,-2
5,похищения,-2
6,ненавидеть,-3
7,ненавидел,-3
8,отвратительный,-3
9,ненавидит,-3
10,способности,2
11,способность,2
12,на борту,1
13,прерванный,-1
14,прерывание,-1
15,отсутствующий,-1
16,отсутствующие,-1
17,прощать,2
18,отпущен,2
19,снимает,2
20,прощающий,2
21,поглощен,1
22,злоупотреблять,-3
23,злоупотребляли,-3
24,злоупотребления,-3
25,злоупотребление,-3
26,оскорбительный,-3
27,принимать,1
28,приемлемо,1
29,принятие,1
30,принято,1
31,принимая,1
32,принимает,1
33,доступный,1
34,несчастный случай,-2
35,случайный,-2
36,случайно,-2
37,несчастные случаи,-2
38,признание,2
39,признанный,2
40,похвала,2
41,выполнить,2
42,удавшийся,2
43,выполняет,2
44,достижение,2
45,достижения,2
46,обвинение,-2
47,обвинения,-2
48,обвинять,-2
49,обвиняемый,-2
50,обвиняет,-2
51,обвиняя,-2
52,болеть,-2
53,достижимый,1
54,болит,-2
55,приобретенный,2
56,оправдывает,2
57,оправдан,2
58,оправдание,2
59,язвительный,-3
60,активный,1
61,адекватный,1
62,восхищаться,3
63,восхищался,3
64,восхищается,3
65,восхищаясь,3
66,признаться,-1
67,допускает,-1
68,допущенный,-1
69,увещевать,-2
70,предупреждал,-2
71,усыновить,1
72,принимает,1
73,восхитительный,3
74,обожание,3
75,обожать,3
76,обожаемый,3
77,обожает,3
78,обожающий,3
79,с обожанием,3
80,передовой,1
81,преимущество,2
82,выгодный,2
83,выгодно,2
84,преимущества,2
85,приключение,2
86,приключения,2
87,авантюрный,2
88,противник,-1
89,желательно,1
90,затронутый,-1
91,привязанность,3
92,любящий,3
93,нежность,3
94,пораженный,-1
95,доступный,2
96,оскорблен,-1
97,любители,2
98,боятся,-2
99,усугублять,-2
100,обостренный,-2
101,обостряет,-2
102,отягчающий,-2
103,агрессия,-2
104,агрессия,-2
105,агрессивный,-2
106,агрессивность,-2
107,в ужасе,-2
108,взволнованный,2
109,мучиться,-3
110,мучительный,-3
111,агонии,-3
112,мучительный,-3
113,мучиться,-3
114,мучительный,-3
115,агонизирует,-3
116,мучительный,-3
117,соглашаться,1
118,приятный,2
119,согласовано,1
120,соглашение,1
121,соглашается,1
122,тревога,-2
123,встревоженный,-2
124,паникер,-2
125,паникеры,-2
126,увы,-1
127,тревога,-1
128,отчуждение,-2
129,в живых,1
130,обвинение,-2
131,обвинения,-2
132,аллергический,-2
133,разрешать,1
134,союзник,2
135,в одиночестве,-2
136,альтруистический,2
137,удивлять,2
138,пораженный,2
139,поражает,2
140,удивительный,4
141,честолюбивый,2
142,амбивалентный,-1
143,дружелюбный,2
144,изумленный,3
145,изумленный,3
146,развлечение,3
147,развлечения,3
148,злость,-3
149,возмущенный,-3
150,злит,-3
151,сердитый,-3
152,тоска,-3
153,мучительный,-3
154,враждебность,-2
155,раздражать,-2
156,раздражение,-2
157,раздраженный,-2
158,раздражающий,-2
159,раздражает,-2
160,антагонистический,-2
161,анти,-1
162,ожидание,1
163,беспокойство,-2
164,тревожный,-2
165,апатичный,-3
166,апатия,-3
167,апешит,-3
168,апокалиптический,-2
169,извиняться,-1
170,извинился,-1
171,извиняется,-1
172,извиняюсь,-1
173,извиняться,-1
174,извинился,-1
175,извиняется,-1
176,извиняюсь,-1
177,извинения,-1
178,потрясен,-2
179,ужасающий,-2
180,привлекательный,2
181,успокаивать,2
182,умиротворенный,2
183,успокаивает,2
184,умиротворение,2
185,аплодировать,2
186,аплодировал,2
187,аплодисменты,2
188,аплодирует,2
189,аплодисменты,2
190,ценить,2
191,оценил,2
192,ценит,2
193,ценить,2
194,признательность,2
195,опасающийся,-2
196,соответствующий,2
197,соответственно,2
198,одобрение,2
199,одобренный,2
200,одобряет,2
201,пылкий,1
202,арестовать,-2
203,арестован,-3
204,аресты,-2
205,высокомерный,-2
206,мудак,-4
207,позор,-2
208,стыдящийся,-2
209,жопа,-4
210,убийство,-3
211,убийства,-3
212,атаковать,-2
213,нападения,-2
214,актив,2
215,ресурсы,2
216,жопу,-4
217,Мудак,-4
218,пораженный,2
219,поразить,3
220,изумлен,3
221,поразительный,3
222,поразительно,3
223,поражает,3
224,ужасный,-3
225,зверство,-3
226,атака,-1
227,атаковали,-1
228,атакующий,-1
229,нападения,-1
230,привлекать,1
231,привлек,1
232,привлечение,2
233,достопримечательности,2
234,достопримечательности,2
235,привлекательный,2
236,привлекательно,2
237,привлекательность,2
238,привлекает,1
239,дерзкий,3
240,аура,1
241,власть,1
242,отомстить,-2
243,отомстил,-2
244,мститель,-2
245,мстители,-2
246,мстит,-2
247,мщение,-2
248,предотвращать,-1
249,предотвращенный,-1
250,предотвращает,-1
251,заядлый,2
252,избегать,-1
253,избегали,-1
254,избегает,-1
255,Ждите,-1
256,ждал,-1
257,ждет,-1
258,награда,3
259,награжден,3
260,награды,3
261,классно,4
262,ужасный,-3
263,неуклюжий,-2
264,топор,-1
265,топор,-1
266,поддержанный,1
267,поддержка,2
268,спины,1
269,плохой,-3
270,неудача,-2
271,задира,-3
272,плохо,-3
273,злоба,-3
274,спасение,-2
275,сбалансированный,1
276,обман,-2
277,обманутый,-2
278,обман,-2
279,запретить,-2
280,изгнать,-1
281,банкрот,-3
282,банкротство,-3
283,банкстер,-3
284,запрещен,-2
285,варвар,-2
286,варварский,-2
287,варварский,-2
288,торговаться,2
289,барьер,-2
290,сволочь,-5
291,ублюдки,-5
292,боевой,-1
293,сражался,-1
294,битвы,-1
295,борьба,-2
296,избитый,-2
297,блаженный,3
298,избиение,-1
299,красавицы,3
300,красивая,3
301,красиво,3
302,украсить,3
303,Красота,3
304,подобает,2
305,подобающий,2
306,принижать,-2
307,приниженный,-2
308,возлюбленный,3
309,благотворитель,2
310,благотворители,2
311,выгода,2
312,преимущества,2
313,выиграл,2
314,приносящий пользу,2
315,доброжелательный,3
316,лишать,-2
317,понесший утрату,-2
318,братья,-2
319,тяжелая утрата,-2
320,Лучший,3
321,лучший черт,4
322,предавать,-3
323,предательство,-3
324,предали,-3
325,предательство,-3
326,предает,-3
327,лучше,2
328,предвзятость,-1
329,пристрастный,-2
330,большой,1
331,сука,-5
332,суки,-5
333,Горький,-2
334,горький,-2
335,горько,-2
336,причудливый,-2
337,шантажировать,-3
338,шантажировали,-3
339,шантаж,-3
340,шантажирует,-3
341,бла,-2
342,обвинять,-2
343,обвиняли,-2
344,обвиняет,-2
345,обвиняя,-2
346,благословить,2
347,благословляет,2
348,благословение,3
349,благословения,3
350,слепой,-1
351,блаженство,3
352,блаженный,3
353,беспечный,2
354,раздутый,-1
355,блокировать,-1
356,блокада,-2
357,блокбастер,3
358,заблокирован,-1
359,блокировка,-1
360,блоки,-1
361,кровавый,-3
362,расплывчатый,-2
363,хвастливый,-2
364,смелый,2
365,смело,2
366,бомбить,-1
367,увеличение,1
368,усиленный,1
369,повышение,1
370,повышает,1
371,сверлить,-2
372,скучающий,-2
373,скучный,-3
374,беспокоить,-2
375,беспокоил,-2
376,беспокоит,-2
377,надоедливый,-2
378,бойкотировать,-2
379,бойкотируется,-2
380,бойкотирование,-2
381,бойкоты,-2
382,промывание мозгов,-3
383,Храбрый,2
384,храбрость,2
385,храбрость,2
386,бравура,3
387,нарушение,-2
388,пробитый,-2
389,нарушения,-2
390,нарушение,-2
391,прорвать,3
392,захватывающий дух,5
393,взятка,-3
394,подкуплен,-3
395,взятки,-3
396,подкуп,-3
397,яркий,1
398,самый яркий,2
399,яркость,1
400,блестящий,4
401,блеск,3
402,блеск,3
403,бойкий,2
404,сломанный,-1
405,сломанный,-1
406,задумчивый,-2
407,жестокий,-3
408,жестоко,-3
409,издеваются,-2
410,фигня,-4
411,терроризировать,-2
412,издевательства,-2
413,облом,-2
414,жизнерадостный,2
415,груз,-2
416,обремененный,-2
417,отягощение,-2
418,бремя,-2
419,грабитель,-2
420,кража со взломом,-2
421,спокойствие,2
422,успокаивается,2
423,успокаивающий,2
424,успокаивает,2
425,терпеть не могу,-3
426,отменить,-1
427,отменен,-1
428,отмена,-1
429,отменяет,-1
430,рак,-1
431,возможности,1
432,способность,1
433,способный,1
434,очарованный,3
435,уход,2
436,беззаботный,1
437,осторожный,2
438,осторожно,2
439,осторожность,2
440,беспечный,-2
441,заботы,2
442,заботливый,2
443,обналичивание,-2
444,несчастный случай,-2
445,катастрофа,-3
446,катастрофический,-4
447,осторожный,-1
448,праздновать,3
449,праздновал,3
450,празднует,3
451,празднование,3
452,празднование,3
453,торжества,3
454,цензор,-2
455,подвергнутый цензуре,-2
456,цензоры,-2
457,определенный,1
458,огорчение,-2
459,огорченный,-2
460,испытание,-1
461,чемпион,2
462,отстаивал,2
463,чемпионы,2
464,шанс,2
465,шансы,2
466,хаос,-2
467,хаотичный,-2
468,заряжен,-3
469,обвинения,-2
470,харизма,2
471,благотворительный,2
472,очарование,3
473,очаровательный,3
474,очаровательно,3
475,бесхитростный,-3
476,наказывать,-3
477,наказан,-3
478,наказывает,-3
479,наказание,-3
480,изменять,-3
481,обманутый,-3
482,мошенник,-3
483,мошенники,-3
484,списывание,-3
485,читы,-3
486,радость,2
487,приветствовал,2
488,жизнерадостный,2
489,весело,2
490,аплодисменты,2
491,унылый,-2
492,ваше здоровье,2
493,веселый,3
494,ценить,2
495,заветный,2
496,лелеет,2
497,лелеять,2
498,шикарный,2
499,упрекать,-3
500,упрекнул,-3
501,упрекает,-3
502,упрекать,-3
503,по-детски,-2
504,отдыхающий,-1
505,удушение,-2
506,задохнулся,-2
507,задыхается,-2
508,задыхаясь,-2
509,проясняет,2
510,ясность,2
511,столкновение,-2
512,классный,3
513,чистый,2
514,очиститель,2
515,Очистить,1
516,очищен,1
517,четко,1
518,очищает,1
519,умный,2
520,затуманенный,-1
521,невежественный,-2
522,петух,-5
523,хуесос,-5
524,хуесосы,-5
525,дерзкий,-2
526,по принуждению,-2
527,принуждение,-2
528,крах,-2
529,рухнул,-2
530,рушится,-2
531,рушится,-2
532,столкнуться,-1
533,сталкивается,-1
534,столкновение,-1
535,столкновение,-2
536,столкновения,-2
537,сговор,-3
538,сражаться,-1
539,поединки,-1
540,комедия,1
541,комфорт,2
542,комфортный,2
543,удобно,2
544,утешительный,2
545,удобства,2
546,комикс,1
547,хвалить,2
548,одобрил,2
549,совершить,1
550,обязательство,2
551,совершает,1
552,преданный идее,1
553,совершение,1
554,сострадание,2
555,сострадательный,2
556,вынужден,1
557,компетенции,1
558,компетентный,2
559,конкурентный,2
560,самодовольный,-2
561,жаловаться,-2
562,жаловался,-2
563,жалуясь,-2
564,жалуется,-2
565,жалоба,-2
566,жалобы,-2
567,усложняющий,-2
568,комплимент,2
569,похвалил,2
570,комплименты,2
571,всесторонний,2
572,обеспокоенный,-2
573,примирить,2
574,примиренный,2
575,примиряет,2
576,примирение,2
577,осуждать,-2
578,осуждение,-2
579,осужден,-2
580,осуждает,-2
581,уверенность,2
582,уверенный,2
583,уверенно,2
584,конфликт,-2
585,противоречивый,-2
586,противоречивый,-2
587,конфликты,-2
588,сбивать с толку,-2
589,смущенный,-2
590,сбивает с толку,-2
591,поздравляю,2
592,поздравлять,2
593,поздравление,2
594,поздравляю,2
595,согласие,2
596,соглашается,2
597,утешительный,2
598,заговор,-3
599,запор,-2
600,сдержанный,-2
601,зараза,-2
602,заразы,-2
603,заразительный,-1
604,загрязнитель,-2
605,загрязняющие вещества,-2
606,загрязнять,-2
607,загрязненный,-2
608,загрязняет,-2
609,загрязняющий,-2
610,загрязнение,-2
611,загрязнения,-2
612,презрение,-2
613,презренный,-2
614,презрительный,-2
615,презрительно,-2
616,бороться,-1
617,соперник,-1
618,спорящий,-1
619,спорный,-2
620,оспариваемый,-2
621,спорный,-2
622,спорно,-2
623,споры,-2
624,полемика,-2
625,осужден,-2
626,убеждать,1
627,убежденный,1
628,убеждает,1
629,праздничный,2
630,здорово,1
631,крутая вещь,3
632,загнанный в угол,-2
633,труп,-1
634,испорченный,-3
635,испорченный,-3
636,развращающий,-3
637,коррупция,-3
638,развращает,-3
639,дорогостоящий,-2
640,храбрость,2
641,смелый,2
642,мужественно,2
643,смелость,2
644,учтивый,2
645,учтивость,2
646,прикройся,-3
647,трусливый,-2
648,трусливый,-2
649,уют,2
650,судорога,-1
651,дерьмо,-3
652,дерьмовый,-3
653,крушение,-2
654,сумасшедший,-2
655,самый сумасшедший,-2
656,псих,-2
657,творческий,2
658,удрученный,-2
659,плакала,-2
660,плачет,-2
661,преступление,-3
662,преступления,-3
663,уголовное,-3
664,преступники,-3
665,обвинять,-3
666,обвинен,-3
667,обвиняет,-3
668,кризис,-3
669,критик,-2
670,критиковать,-2
671,критиковали,-2
672,критикует,-2
673,критикуя,-2
674,критика,-2
675,критиковать,-2
676,критиковали,-2
677,критикует,-2
678,критикуя,-2
679,критики,-2
680,критика,-2
681,теснота,-1
682,сырой,-1
683,жестокий,-3
684,жестокость,-3
685,раздавить,-1
686,раздавлен,-2
687,сокрушает,-1
688,сокрушительный,-1
689,плакать,-1
690,плач,-2
691,хитрость,2
692,пизда,-5
693,любопытный,1
694,проклинать,-1
695,резать,-1
696,сокращать,-2
697,сокращения,-2
698,милый,2
699,порезы,-1
700,резка,-1
701,циник,-2
702,циничный,-2
703,цинизм,-2
704,повреждать,-3
705,поврежден,-3
706,убытки,-3
707,разрушительный,-3
708,проклятие,-2
709,чертовски мила,3
710,чертовски хорошо,4
711,проклятый,-4
712,черт,-4
713,Опасность,-2
714,опасный,-2
715,опасно,-2
716,смельчак,2
717,дерзкий,2
718,самый темный,-2
719,тьма,-1
720,бесстрашный,2
721,ослепительный,3
722,мертвых,-3
723,мертвый,-2
724,тупик,-2
725,смертельно опасный,-3
726,оглушительный,-1
727,Уважаемый,2
728,дорого,3
729,смерть,-2
730,летальные исходы,-2
731,веселый,2
732,долг,-2
733,обман,-3
734,лживый,-3
735,обманывать,-3
736,обманутый,-3
737,обманывает,-3
738,обман,-3
739,обман,-3
740,обманчивый,-3
741,решающий,1
742,преданный,2
743,преданность,2
744,поражение,-2
745,побежден,-2
746,дефект,-3
747,дефектный,-3
748,дефекты,-3
749,защитник,2
750,защитники,2
751,беззащитный,-2
752,откладывать,-1
753,откладывание,-1
754,дерзкий,-1
755,неполноценный,-2
756,недостаток,-2
757,недостатки,-2
758,дефицит,-2
759,деформированный,-2
760,уродства,-2
761,уродство,-2
762,обман,-3
763,обман,-3
764,ловкий,2
765,несуществующий,-2
766,деградировать,-2
767,деградированный,-2
768,деградирует,-2
769,дегуманизировать,-2
770,дегуманизированный,-2
771,дегуманизирует,-2
772,дегуманизирующий,-2
773,унывать,-2
774,удрученный,-2
775,унылый,-2
776,отклоняет,-2
777,задерживать,-1
778,с задержкой,-1
779,восхитительный,3
780,очень вкусно,3
781,восторг,3
782,получивший удовольствие,3
783,восхитительный,3
784,восхитительно,3
785,восхищение,3
786,восторги,3
787,потребность,-1
788,потребовал,-1
789,требовательный,-1
790,требования,-1
791,демонстрация,-1
792,деморализовать,-2
793,деморализованный,-2
794,деморализует,-2
795,деморализующий,-2
796,отрицание,-2
797,отрицания,-2
798,отклонен,-2
799,денье,-2
800,отрицатели,-2
801,отрицает,-2
802,денонсировать,-2
803,осуждает,-2
804,вмятина,-2
805,Отрицать,-2
806,отрицание,-2
807,сожалеть,-3
808,сожалеет,-3
809,сожалеет,-3
810,сожалея,-3
811,депортировать,-2
812,депортированный,-2
813,депортация,-2
814,депортирует,-2
815,депортация,-2
816,депортации,-2
817,подавленный,-2
818,удручающий,-2
819,лишение,-3
820,сходить с рельсов,-2
821,сошедший с рельсов,-2
822,сходить с рельсов,-2
823,брошенный,-2
824,высмеивать,-2
825,высмеянный,-2
826,высмеивает,-2
827,высмеивая,-2
828,насмешки,-2
829,желательно,2
830,желание,1
831,желанный,2
832,желающий,2
833,отчаяние,-3
834,отчаяние,-3
835,отчаяние,-3
836,отчаянный,-3
837,отчаянно,-3
838,подавленный,-3
839,разрушать,-3
840,уничтожен,-3
841,разрушающий,-3
842,разрушает,-3
843,разрушение,-3
844,разрушительный,-3
845,обособленный,-1
846,задерживать,-2
847,задержан,-2
848,задержание,-2
849,портиться,-2
850,ухудшился,-2
851,ухудшается,-2
852,ухудшение,-2
853,определенный,2
854,средство устрашения,-2
855,отвлекать,-1
856,приниженный,-1
857,умаляет,-1
858,опустошать,-2
859,потрясенный,-2
860,разрушительный,-2
861,опустошение,-2
862,разрушения,-2
863,преданный,3
864,преданность,2
865,религиозный,2
866,алмаз,1
867,Дик,-4
868,придурок,-4
869,в,-3
870,умер,-3
871,трудно,-1
872,застенчивый,-2
873,достоинство,2
874,дилемма,-1
875,трудолюбие,2
876,тупица,-3
877,сказать,-3
878,ужасный,-3
879,грязь,-2
880,грязнее,-2
881,самый грязный,-2
882,грязный,-2
883,инвалидность,-2
884,инвалидность,-2
885,отключение,-1
886,недостаток,-2
887,обездоленный,-2
888,не согласен,-2
889,неприятный,-2
890,несогласие,-2
891,пропадать,-1
892,исчез,-1
893,исчезает,-1
894,разочаровывать,-2
895,расстроен,-2
896,разочаровывающий,-2
897,разочарование,-2
898,разочарования,-2
899,разочаровывает,-2
900,неодобрение,-2
901,отклонения,-2
902,не одобрять,-2
903,не одобрено,-2
904,не одобряет,-2
905,неодобрительно,-2
906,стихийное бедствие,-2
907,бедствия,-2
908,катастрофический,-3
909,не верить,-2
910,отказаться,-1
911,отброшен,-1
912,отбрасывание,-1
913,отбрасывает,-1
914,проницательность,2
915,дискомфорт,-2
916,безутешный,-2
917,безутешность,-2
918,недовольный,-2
919,разлад,-2
920,со скидкой,-1
921,обескураженный,-2
922,дискредитирован,-2
923,различать,-2
924,размеченный,-2
925,различает,-2
926,различающий,-2
927,дискриминационный,-2
928,презрение,-2
929,болезнь,-1
930,болезни,-1
931,позор,-2
932,опозоренный,-2
933,маскировка,-1
934,замаскированный,-1
935,маскировки,-1
936,маскировка,-1
937,отвращение,-3
938,отвращение,-3
939,отвратительный,-3
940,отвратительный,-3
941,разочарованный,-2
942,нечестный,-2
943,разочарованный,-2
944,не склонен,-2
945,разрозненный,-2
946,неприязнь,-2
947,не нравится,-2
948,не любит,-2
949,мрачный,-2
950,встревоженный,-2
951,уволен,-2
952,беспорядок,-2
953,расстройства,-2
954,неорганизованный,-2
955,дезориентирован,-2
956,унижать,-2
957,униженный,-2
958,унижает,-2
959,пренебрежительный,-2
960,недоволен,-2
961,неудовольствие,-2
962,непропорционально,-2
963,спор,-2
964,оспаривается,-2
965,споры,-2
966,спорящий,-2
967,дисквалифицирован,-2
968,беспокоить,-2
969,игнорировать,-2
970,игнорируется,-2
971,игнорируя,-2
972,игнорирует,-2
973,неуважение,-2
974,неуважение,-2
975,нарушить,-2
976,нарушен,-2
977,разрушающий,-2
978,нарушение,-2
979,сбои,-2
980,разрушительный,-2
981,нарушает,-2
982,неудовлетворенный,-2
983,неприятный,-2
984,выдающийся,2
985,искажать,-2
986,искаженный,-2
987,искажающий,-2
988,искажает,-2
989,отвлекать,-2
990,несосредоточенный,-2
991,отвлечение,-2
992,отвлекает,-2
993,страдание,-2
994,огорченный,-2
995,бедствия,-2
996,тревожный,-2
997,недоверие,-3
998,недоверчивый,-3
999,беспокоить,-2
1000,нарушенный,-2
1001,тревожный,-2
1002,беспокоит,-2
1003,дизеринг,-2
1004,отвлекающий,-1
1005,голова кружится,-1
1006,уклонение,-2
1007,хитрый,-2
1008,не работает,-3
1009,мрачный,-2
1010,пожертвовать,2
1011,пожертвованный,2
1012,жертвует,2
1013,пожертвование,2
1014,пожертвование,2
1015,не нравится,-2
1016,рок,-2
1017,обреченный,-2
1018,сомневаться,-1
1019,сомневался,-1
1020,сомнительный,-1
1021,сомневаясь,-1
1022,сомнения,-1
1023,душ,-3
1024,ублюдок,-3
1025,суровый,-2
1026,подавленный,-2
1027,депрессивный,-2
1028,подавленный,-2
1029,обратная сторона,-2
1030,тащить,-1
1031,притащили,-1
1032,тащит,-1
1033,осушенный,-2
1034,страх,-2
1035,страшный,-2
1036,ужасный,-3
1037,бояться,-2
1038,мечтать,1
1039,мечты,1
1040,унылый,-2
1041,обвисший,-2
1042,уронить,-1
1043,упавший,-1
1044,тонуть,-2
1045,утонул,-2
1046,тонет,-2
1047,тяжелая работа,-2
1048,пьяный,-2
1049,сомнительный,-2
1050,бездельник,-2
1051,скучный,-2
1052,тупой,-3
1053,тупица,-3
1054,свалка,-1
1055,сброшен,-2
1056,свалки,-1
1057,обмануть,-2
1058,обманутый,-2
1059,обманщики,-2
1060,прочный,2
1061,умирающий,-3
1062,дисфункция,-2
1063,жаждущий,2
1064,серьезный,2
1065,простота,2
1066,легко,1
1067,восторженный,4
1068,жуткий,-2
1069,жутко,-2
1070,эффективный,2
1071,эффективно,2
1072,эффективность,2
1073,легко,2
1074,приподнятый,3
1075,восторг,3
1076,элегантный,2
1077,элегантно,2
1078,смущать,-2
1079,смущенный,-2
1080,смущает,-2
1081,смущающий,-2
1082,смущение,-2
1083,растрата,-3
1084,озлоблен,-2
1085,объятие,1
1086,крайняя необходимость,-2
1087,чуткий,2
1088,уполномочивать,2
1089,расширение прав и возможностей,2
1090,пустота,-1
1091,пустой,-1
1092,очарованный,2
1093,поощрять,2
1094,поощряется,2
1095,поощрение,2
1096,поощряет,2
1097,обнадеживающий,2
1098,одобрять,2
1099,одобренный,2
1100,поддержка,2
1101,одобряет,2
1102,враги,-2
1103,враг,-2
1104,энергичный,2
1105,привлекать,1
1106,вовлекает,1
1107,поглощен,1
1108,захватывающий,3
1109,наслаждаться,2
1110,приятный,2
1111,наслаждались,2
1112,наслаждаясь,2
1113,наслаждается,2
1114,просветить,2
1115,просвещенный,2
1116,просвещение,2
1117,просвещает,2
1118,тоска,-2
1119,бесить,-2
1120,разъяренный,-2
1121,бесит,-2
1122,бесить,-2
1123,восхищение,3
1124,порабощать,-2
1125,порабощенный,-2
1126,порабощает,-2
1127,гарантировать,1
1128,обеспечение,1
1129,предприимчивый,1
1130,развлекательный,2
1131,увлекать,3
1132,восторженный,3
1133,уполномоченный,1
1134,доверенный,2
1135,желания,-1
1136,завистливый,-2
1137,экологически чистый,2
1138,завидовать,-1
1139,завидовать,-1
1140,ошибочный,-2
1141,ошибка,-2
1142,ошибки,-2
1143,побег,-1
1144,убегает,-1
1145,побег,-1
1146,почитать,2
1147,уважаемый,2
1148,этический,2
1149,эйфория,3
1150,эйфория,4
1151,эвакуируюсь,-1
1152,эвакуирован,-1
1153,эвакуирует,-1
1154,эвакуация,-1
1155,эвакуация,-1
1156,вечнозеленый,2
1157,вечнозеленые растения,2
1158,вечнозеленый,-3
1159,выселение,-1
1160,зло,-3
1161,усугублять,-2
1162,обостренный,-2
1163,обостряет,-2
1164,обострение,-2
1165,преувеличивать,-2
1166,преувеличенный,-2
1167,преувеличивает,-2
1168,преувеличивая,-2
1169,отдельно,-2
1170,раздраженный,-2
1171,раздражает,-2
1172,раздражающий,-2
1173,совершенство,3
1174,отлично,3
1175,возбуждать,3
1176,в восторге,3
1177,возбуждение,3
1178,захватывающий,3
1179,исключать,-1
1180,Исключенный,-2
1181,исключение,-1
1182,эксклюзивный,2
1183,мучительно,-1
1184,извинение,-1
1185,освобождать,-1
1186,измученный,-2
1187,взволнованный,3
1188,веселит,3
1189,волнующий,3
1190,оправдывать,2
1191,реабилитированный,2
1192,реабилитирует,2
1193,оправдывающий,2
1194,расширять,1
1195,расширяется,1
1196,изгнать,-2
1197,изгнан,-2
1198,изгнание,-2
1199,изгоняет,-2
1200,умело,2
1201,эксплуатировать,-2
1202,эксплуатируемый,-2
1203,эксплуатирующий,-2
1204,подвиги,-2
1205,исследование,1
1206,исследования,1
1207,разоблачать,-1
1208,незащищенный,-1
1209,разоблачает,-1
1210,разоблачение,-1
1211,изысканный,3
1212,продлевать,1
1213,расширяет,1
1214,экстремист,-2
1215,экстремисты,-2
1216,буйный,4
1217,ликующий,3
1218,радостно,3
1219,поразительнй,4
1220,сказочно,4
1221,причуда,-2
1222,пидор,-3
1223,педик,-3
1224,педики,-3
1225,провал,-2
1226,не удалось,-2
1227,провал,-2
1228,терпит неудачу,-2
1229,отказ,-2
1230,неудачи,-2
1231,малодушный,-2
1232,Справедливая,2
1233,справедливость,2
1234,Вера,1
1235,верный,3
1236,не настоящие,-3
1237,притворщик,-3
1238,подделки,-3
1239,притворство,-3
1240,упал,-2
1241,падение,-1
1242,ложный,-1
1243,ложно,-2
1244,фальсифицированный,-3
1245,фальсифицировать,-3
1246,слава,1
1247,голод,-2
1248,известный,2
1249,поклонник,3
1250,фантастика,4
1251,фарс,-1
1252,очаровывать,3
1253,Очарованный,3
1254,очаровывает,3
1255,очаровательный,3
1256,очарование,3
1257,фашист,-2
1258,фашисты,-2
1259,фатальный,-3
1260,смертельные случаи,-3
1261,смертельный исход,-3
1262,усталость,-2
1263,усталый,-2
1264,усталость,-2
1265,утомительный,-2
1266,услуга,2
1267,благоприятный,2
1268,благоприятно,2
1269,одобренный,2
1270,любимый,2
1271,добавлено в избранное,2
1272,избранное,2
1273,благосклонность,2
1274,услуга,2
1275,благоприятный,2
1276,благоприятно,2
1277,одобренный,2
1278,любимый,2
1279,любимый,2
1280,избранное,2
1281,благосклонность,2
1282,страх,-2
1283,страшный,-2
1284,страшно,-2
1285,боясь,-2
1286,бесстрашный,2
1287,бесстрашие,2
1288,устрашающий,-2
1289,накормленный,-3
1290,слабый,-2
1291,чувство,1
1292,тяжкие преступления,-3
1293,тяжкое преступление,-3
1294,плодородный,2
1295,пылкий,2
1296,пылкий,2
1297,праздничный,2
1298,высокая температура,-2
1299,фиаско,-3
1300,суетливый,-2
1301,борьба,-1
1302,борьба,-2
1303,отлично,2
1304,штрафы,-2
1305,лучший,3
1306,Пожар,-2
1307,уволенный,-2
1308,стрельба,-2
1309,соответствовать,1
1310,фитнес,1
1311,грязь,-2
1312,грязный,-2
1313,флагман,2
1314,недостаток,-2
1315,испорченный,-3
1316,безупречный,2
1317,безупречно,2
1318,недостатки,-2
1319,убегает,-1
1320,плюхнуться,-2
1321,шлепки,-2
1322,грипп,-2
1323,взволнованный,-2
1324,сосредоточенный,2
1325,любит,2
1326,нежность,2
1327,дурак,-2
1328,глупый,-2
1329,дураки,-2
1330,запретить,-1
1331,запрещенный,-2
1332,запрещающий,-2
1333,принужденный,-1
1334,потеря права выкупа,-2
1335,потеря права выкупа,-2
1336,передний край,1
1337,забывать,-1
1338,забывчивый,-2
1339,забываемый,-1
1340,простить,1
1341,прощающий,1
1342,забыл,-1
1343,забытый,-1
1344,удача,2
1345,удачливый,2
1346,к счастью,2
1347,грязный,-3
1348,неистовый,-1
1349,мошенничество,-4
1350,мошенничество,-4
1351,мошенник,-4
1352,мошенники,-4
1353,мошенничество,-4
1354,мошеннический,-4
1355,ненормальный,-2
1356,бесплатно,1
1357,Свобода,2
1358,свободы,2
1359,безумие,-3
1360,свежий,1
1361,друг,1
1362,дружелюбие,2
1363,дружелюбно,2
1364,Дружба,2
1365,испуг,-2
1366,испуганный,-2
1367,пугающий,-3
1368,фрикин,-2
1369,резвый,2
1370,хмурый,-1
1371,бесплодный,-2
1372,расстраивать,-2
1373,расстроенный,-2
1374,расстраивает,-2
1375,раздражающий,-2
1376,разочарование,-2
1377,ftw,3
1378,Блядь,-4
1379,трахал,-4
1380,Подонок,-4
1381,лохи,-4
1382,ебля лицо,-4
1383,ублюдок,-4
1384,гребаный,-4
1385,бля,-4
1386,чертовски потрясающе,4
1387,чертовски красиво,4
1388,чертовски мило,4
1389,чертовски фантастично,4
1390,чертовски хорошо,4
1391,чертовски здорово,4
1392,чертовски жарко,2
1393,гребаная любовь,4
1394,чертовски любит,4
1395,чертовски идеально,4
1396,ублюдок,-4
1397,все,-3
1398,трахал,-4
1399,гребаный,-4
1400,выполнить,2
1401,выполнено,2
1402,исполнение,2
1403,выполняет,2
1404,дымящийся,-2
1405,веселье,4
1406,похороны,-1
1407,похороны,-1
1408,напуганный,2
1409,смешнее,4
1410,веселая,4
1411,яростный,-3
1412,бесполезен,-2
1413,кляп,-2
1414,с кляпом во рту,-2
1415,прирост,2
1416,получил,2
1417,получение,2
1418,прибыль,2
1419,галантный,3
1420,галантно,3
1421,галантность,3
1422,изменяющий правила игры,3
1423,мусор,-1
1424,жемчужина,3
1425,щедрый,2
1426,щедро,2
1427,гениальный,3
1428,ужасный,-2
1429,призрак,-1
1430,головокружительный,-2
1431,подарок,2
1432,довольный,3
1433,гламурный,3
1434,гламурный,3
1435,ликование,3
1436,радостный,3
1437,мрак,-1
1438,хмурый,-2
1439,славный,2
1440,слава,2
1441,угрюмый,-2
1442,Бог,1
1443,проклятый,-3
1444,находка,4
1445,золото,2
1446,хороший,3
1447,хорошо выглядит,3
1448,доброе утро,1
1449,доброта,3
1450,доброжелательность,3
1451,глупость,-2
1452,тупой,-2
1453,благодать,1
1454,изящный,2
1455,милостивый,3
1456,великий,3
1457,даровать,1
1458,предоставляется,1
1459,предоставление,1
1460,гранты,1
1461,благодарный,3
1462,удовлетворение,2
1463,могила,-2
1464,серый,-1
1465,ужасный,-2
1466,супер,3
1467,здорово,3
1468,больше,3
1469,величайший,3
1470,жадность,-3
1471,жадный,-2
1472,зеленая стирка,-3
1473,зеленая стирка,-3
1474,гринвош,-3
1475,овощерезка,-3
1476,зеленщики,-3
1477,гринвошинг,-3
1478,приветствовать,1
1479,приветствовал,1
1480,приветствие,1
1481,Привет,2
1482,приветствует,1
1483,серый,-1
1484,горе,-2
1485,опечаленный,-2
1486,мрачный,-2
1487,захватывающий,2
1488,стон,-2
1489,простонал,-2
1490,стон,-2
1491,стоны,-2
1492,валовой,-2
1493,растущий,1
1494,рост,2
1495,рост,2
1496,ужасный,-3
1497,гарантия,1
1498,вина,-3
1499,виновный,-3
1500,легковерность,-2
1501,легковерный,-2
1502,пистолет,-1
1503,у него есть,2
1504,взломанный,-1
1505,ха-ха,3
1506,хахаха,3
1507,хахаха,3
1508,град,2
1509,приветствовал,2
1510,аллилуйя,3
1511,подобранный,1
1512,красивый,3
1513,несчастный,-2
1514,несчастье,-2
1515,самый счастливый,3
1516,счастье,3
1517,счастливый,3
1518,беспокоить,-3
1519,преследовать,-3
1520,беспокоит,-3
1521,беспокоящий,-3
1522,домогательство,-3
1523,жесткий,-1
1524,выносливее,2
1525,невзгоды,-2
1526,выносливый,2
1527,вред,-2
1528,пострадал,-2
1529,вредный,-2
1530,причинение вреда,-2
1531,гармония,2
1532,гармоничный,2
1533,гармонично,2
1534,вредит,-2
1535,измученный,-2
1536,жесткий,-2
1537,суровее,-2
1538,самый суровый,-2
1539,резко,-2
1540,ненавидеть,-3
1541,ненавидел,-3
1542,ненавистник,-3
1543,ненавистники,-3
1544,ненавидит,-3
1545,ненавидеть,-3
1546,ненависть,-3
1547,преследовать,-1
1548,преследуемый,-2
1549,преследующий,1
1550,преследует,-1
1551,опустошение,-2
1552,опасный,-3
1553,Головная боль,-2
1554,здоровый,2
1555,душераздирающий,-3
1556,убитый горем,-3
1557,душевный,3
1558,бессердечный,-2
1559,трогательный,3
1560,небеса,2
1561,небесный,4
1562,тяжеловесный,-2
1563,хе-хе,2
1564,ад,-4
1565,адский,-2
1566,помощь,2
1567,полезный,2
1568,помогая,2
1569,беспомощный,-2
1570,помогает,2
1571,герой,2
1572,герои,2
1573,героический,3
1574,нерешительный,-2
1575,колебаться,-2
1576,спрятался,-1
1577,Спрятать,-1
1578,отвратительный,-3
1579,прячется,-1
1580,прячется,-1
1581,выделять,2
1582,веселый,2
1583,мешать,-2
1584,помеха,-2
1585,фальсификация,-2
1586,пустой,-1
1587,бездомный,-2
1588,тоска по дому,-2
1589,убийство,-2
1590,убийства,-2
1591,честный,2
1592,честь,2
1593,заслуженный,2
1594,почитая,2
1595,честь,2
1596,заслуженный,2
1597,почитая,2
1598,хулиган,-2
1599,хулиганство,-2
1600,хулиганы,-2
1601,надеяться,2
1602,обнадеживающий,2
1603,с надеждой,2
1604,безнадежный,-2
1605,безнадежность,-2
1606,надеется,2
1607,надеясь,2
1608,ужасающий,-3
1609,ужасный,-3
1610,какой ужас,-3
1611,ужасающий,-3
1612,в ужасе,-3
1613,госпитализирован,-2
1614,враждебный,-2
1615,барыга,-2
1616,обнимать,2
1617,огромный,1
1618,объятия,2
1619,гуманный,2
1620,скромный,1
1621,обман,-2
1622,многочисленный,3
1623,униженный,-3
1624,унижение,-3
1625,юмор,2
1626,юмористический,2
1627,юмор,2
1628,юмористический,2
1629,голод,-2
1630,Ура,5
1631,повредить,-2
1632,больно,-2
1633,болит,-2
1634,лицемерный,-2
1635,истерия,-3
1636,истеричный,-3
1637,истерика,-3
1638,неприятный,-3
1639,идиотизм,-3
1640,идиот,-3
1641,идиотский,-3
1642,невежество,-2
1643,невежественный,-2
1644,игнорировать,-1
1645,игнорируется,-2
1646,игнорирует,-1
1647,больной,-2
1648,злополучный,-2
1649,незаконный,-3
1650,незаконно,-3
1651,незаконнорожденный,-3
1652,неграмотность,-2
1653,болезнь,-2
1654,болезни,-2
1655,нелогичный,-2
1656,образный,2
1657,слабоумный,-3
1658,обездвижен,-1
1659,бессмертный,2
1660,невосприимчивый,1
1661,ухудшать,-2
1662,ослабленный,-2
1663,ухудшение,-2
1664,обесценение,-2
1665,ухудшает,-2
1666,нетерпеливый,-2
1667,импичмент,-3
1668,импичмент,-3
1669,препятствовать,-2
1670,затрудненный,-2
1671,мешает,-2
1672,препятствие,-2
1673,препятствующий,-2
1674,несовершенный,-2
1675,важность,2
1676,важный,2
1677,навязывать,-1
1678,навязанный,-1
1679,навязывает,-1
1680,внушительный,-1
1681,самозванец,-2
1682,импотент,-2
1683,произвести впечатление,3
1684,впечатленный,3
1685,впечатляет,3
1686,впечатляющий,3
1687,заключен в тюрьму,-2
1688,лишение свободы,-2
1689,неподходящий,-2
1690,неправильно,-2
1691,улучшать,2
1692,улучшен,2
1693,улучшение,2
1694,улучшается,2
1695,улучшение,2
1696,неспособность,-2
1697,в действии,-2
1698,неадекватный,-2
1699,нечаянно,-2
1700,неприличный,-2
1701,неспособный,-2
1702,недееспособный,-2
1703,выводит из строя,-2
1704,выводящий из строя,-2
1705,ладан,-2
1706,возмущенный,-2
1707,благовония,-2
1708,поджигание,-2
1709,бессвязный,-2
1710,некомпетентность,-2
1711,некомпетентный,-2
1712,неполный,-1
1713,непонятный,-2
1714,невнимательный,-2
1715,неудобство,-2
1716,неудобно,-2
1717,увеличивать,1
1718,выросла,1
1719,нерешительный,-2
1720,нерушимый,2
1721,обвиненный,-2
1722,равнодушие,-2
1723,в различных,-2
1724,возмущенный,-2
1725,возмущение,-2
1726,внушать,-2
1727,внушенный,-2
1728,внушает,-2
1729,внушающий,-2
1730,несъедобный,-2
1731,неумолимый,-3
1732,непростительный,-3
1733,неэффективный,-2
1734,неэффективно,-2
1735,безрезультатный,-2
1736,неэффективность,-2
1737,неэффективный,-2
1738,неэффективно,-2
1739,неумелый,-2
1740,неумелость,-2
1741,инфантильный,-2
1742,инфантилизированный,-2
1743,увлеченный,2
1744,увлечение,2
1745,заразить,-2
1746,зараженный,-2
1747,заражение,-2
1748,инфекция,-2
1749,инфекции,-2
1750,заразный,-2
1751,заражает,-2
1752,низший,-2
1753,заражать,-2
1754,зараженный,-2
1755,заражение,-2
1756,инвазии,-2
1757,воспаленный,-2
1758,нанести,-2
1759,нанесенный,-2
1760,причинение,-2
1761,наносит,-2
1762,влиятельный,2
1763,нарушать,-2
1764,нарушенный,-2
1765,нарушающий,-2
1766,нарушения,-2
1767,нарушение,-2
1768,бесить,-2
1769,разъяренный,-2
1770,бесит,-2
1771,бесить,-2
1772,подавлять,-1
1773,бесчеловечный,-2
1774,раненый,-2
1775,травмы,-2
1776,"травма, повреждение",-2
1777,несправедливость,-2
1778,вводить новшества,1
1779,вводит новшества,1
1780,инновации,1
1781,новаторский,2
1782,бездействующий,-2
1783,инквизиция,-2
1784,любознательный,2
1785,безумный,-2
1786,безумие,-2
1787,ненадежный,-2
1788,нечувствительный,-2
1789,нечувствительность,-2
1790,незначительный,-2
1791,безвкусный,-2
1792,несостоятельный,-2
1793,бессонница,-2
1794,вдохновение,2
1795,вдохновляющий,2
1796,вдохновлять,2
1797,вдохновленный,2
1798,вдохновляет,2
1799,вдохновляющий,3
1800,недостаточность,-2
1801,недостаточный,-2
1802,недостаточно,-2
1803,оскорблять,-2
1804,оскорблен,-2
1805,оскорбительный,-2
1806,оскорбления,-2
1807,нетронутый,2
1808,честность,2
1809,разумный,2
1810,интенсивный,1
1811,интерес,1
1812,заинтересованный,2
1813,интересный,2
1814,интересы,1
1815,допросили,-2
1816,прерывать,-2
1817,прерванный,-2
1818,прерывая,-2
1819,прерывание,-2
1820,прерывает,-2
1821,близость,2
1822,запугать,-2
1823,запуганный,-2
1824,запугивает,-2
1825,пугающий,-2
1826,запугивание,-2
1827,непримиримость,-2
1828,непримиримость,-2
1829,запутанный,2
1830,интриги,1
1831,вторжение,-1
1832,непобедимый,2
1833,приглашать,1
1834,приглашение,1
1835,неуязвимый,2
1836,разгневанный,-3
1837,ироничный,-1
1838,ирония,-1
1839,иррациональный,-1
1840,непоправимый,-2
1841,невоспроизводимый,-2
1842,неотразимый,2
1843,непреодолимо,2
1844,нерешительный,-2
1845,безответственный,-2
1846,безответственно,-2
1847,необратимый,-1
1848,безвозвратно,-1
1849,раздражать,-3
1850,раздраженный,-3
1851,раздражает,-3
1852,раздражающий,-3
1853,изолированные,-1
1854,зудящий,-2
1855,придурок,-4
1856,придурки,-4
1857,заключен в тюрьму,-2
1858,веселый,2
1859,ревнивый,-2
1860,ревность,-2
1861,опасность,-2
1862,придурок,-3
1863,Иисус,1
1864,драгоценность,1
1865,драгоценности,1
1866,шутливый,2
1867,присоединиться,1
1868,шутить,2
1869,шутки,2
1870,весёлый,2
1871,веселый,2
1872,радость,3
1873,радостный,3
1874,радостно,3
1875,безрадостный,-2
1876,радостный,3
1877,ликующий,3
1878,нервный,-1
1879,справедливость,2
1880,оправданно,2
1881,оправданный,2
1882,увлеченный,1
1883,откат,-3
1884,откаты,-3
1885,похищать,-2
1886,похищен,-2
1887,похищение,-2
1888,похищения,-2
1889,похищает,-2
1890,убийство,-3
1891,убит,-3
1892,убийство,-3
1893,убивает,-3
1894,Добрый,2
1895,Что-то вроде,0
1896,дети,2
1897,доброта,2
1898,целовать,2
1899,престиж,3
1900,недостаток,-2
1901,вялый,-2
1902,отставание,-1
1903,отставал,-2
1904,отставание,-2
1905,лаги,-2
1906,Хромой,-2
1907,ориентир,2
1908,истекать,-1
1909,истек,-1
1910,смех,1
1911,рассмеялся,1
1912,смеющийся,1
1913,смеется,1
1914,смех,1
1915,запущен,1
1916,Лоул,3
1917,иск,-2
1918,иски,-2
1919,ленивый,-1
1920,лидерство,1
1921,ведущий,2
1922,утечка,-1
1923,утечка,-1
1924,покинуть,-1
1925,законный,1
1926,законно,1
1927,снисходительный,1
1928,смертельный,-2
1929,летальность,-2
1930,вялый,-2
1931,вялость,-2
1932,лжец,-3
1933,лжецы,-3
1934,клеветнический,-2
1935,солгал,-2
1936,безжизненный,-1
1937,спасатель,4
1938,беззаботный,1
1939,симпатичный,2
1940,как,2
1941,симпатичный,2
1942,понравилось,2
1943,любители,2
1944,нравится,2
1945,симпатия,2
1946,ограничение,-1
1947,ограничено,-1
1948,пределы,-1
1949,судебные разбирательства,-1
1950,спорный,-2
1951,оживленный,2
1952,бледный,-2
1953,lmao,4
1954,lmfao,4
1955,ненавидеть,-3
1956,ненавидел,-3
1957,ненавидит,-3
1958,ненависть,-3
1959,отвратительный,-3
1960,лоббировал,-2
1961,лобби,-2
1962,лоббирование,-2
1963,лоббист,-2
1964,лоббисты,-2
1965,смешной,3
1966,лолол,4
1967,лололол,4
1968,лолололол,4
1969,"Одинокий, уединенный",-2
1970,одинокий,-2
1971,тоска,-1
1972,бездельничать,3
1973,ткацкий станок,-1
1974,маячил,-1
1975,надвигающийся,-1
1976,ткацкие станки,-1
1977,заморачиваться,3
1978,looool,3
1979,свободный,-3
1980,теряет,-3
1981,неудачник,-3
1982,проигрыш,-3
1983,потеря,-3
1984,убытки,-3
1985,потерянный,-3
1986,паршивый,-2
1987,милый,3
1988,любовь,3
1989,любил,3
1990,милые,3
1991,прекрасный,3
1992,любит,3
1993,любящий,2
1994,любящая доброта,3
1995,самый низкий,-1
1996,лояльный,3
1997,верность,3
1998,удача,3
1999,к счастью,3
2000,счастливый,3
2001,прибыльный,3
2002,смехотворен,-3
2003,мрачный,-2
2004,сумасшедший,-3
2005,лунатики,-3
2006,прятаться,-1
2007,скрывающийся,-1
2008,скрывается,-1
2009,роскошь,2
2010,жуткий,-2
2011,без ума,-3
2012,сводящий с ума,-3
2013,выдумал,-1
2014,безумно,-3
2015,безумие,-3
2016,великолепный,3
2017,дезадаптация,-2
2018,недоразвитие,-2
2019,жестокое обращение,-2
2020,обязательный,-1
2021,манипулируют,-1
2022,манипулирование,-1
2023,манипуляция,-1
2024,непредумышленное убийство,-3
2025,чудо,3
2026,чудесный,3
2027,чудеса,3
2028,шедевр,4
2029,шедевры,4
2030,иметь значение,1
2031,имеет значение,1
2032,зрелый,2
2033,значимый,2
2034,бессмысленный,-2
2035,медаль,3
2036,посредственность,-3
2037,медитативный,1
2038,меланхолия,-2
2039,памятный,1
2040,память,-2
2041,угроза,-2
2042,угрожаемый,-2
2043,угроза,-2
2044,милосердие,2
2045,веселый,3
2046,завораживающий,3
2047,беспорядок,-2
2048,испорченный,-2
2049,испортить,-2
2050,методический,2
2051,методично,2
2052,бессмысленный,-2
2053,чудо,4
2054,веселье,3
2055,веселый,3
2056,весело,3
2057,плохо себя вести,-2
2058,плохо себя вёл,-2
2059,плохо себя ведет,-2
2060,плохое поведение,-2
2061,неправильный брендинг,-3
2062,неверное использование,-2
2063,зло,-1
2064,озорства,-1
2065,неправильно классифицирован,-2
2066,неправильно классифицирует,-2
2067,неправильно классифицировать,-2
2068,проступок,-2
2069,проступок,-2
2070,проступок,-2
2071,проступки,-2
2072,убогий,-3
2073,жалко,-3
2074,нищета,-2
2075,осечка,-2
2076,несчастье,-2
2077,опасения,-2
2078,дезинформация,-2
2079,дезинформированный,-2
2080,неверно истолкованный,-2
2081,ввести в заблуждение,-3
2082,введенный в заблуждение,-3
2083,вводящий в заблуждение,-3
2084,вводит в заблуждение,-3
2085,неуместен,-2
2086,неуместный,-2
2087,неуместны,-2
2088,неправильное размещение,-2
2089,неправильная оценка,-3
2090,неправильно прочитал,-1
2091,неверный отчет,-2
2092,неправильно сообщенный,-2
2093,неверное сообщение,-2
2094,неверные отчеты,-2
2095,искажать,-2
2096,искажение фактов,-2
2097,искажения,-2
2098,искаженный,-2
2099,искажение,-2
2100,искажает,-2
2101,скучать,-2
2102,пропущенный,-2
2103,отсутствующий,-2
2104,ошибка,-2
2105,ошиблись,-2
2106,ошибки,-2
2107,ошибка,-2
2108,неправильно понять,-2
2109,недоразумение,-2
2110,неправильно понимает,-2
2111,неправильно понятый,-2
2112,злоупотребление,-2
2113,неправильно использованный,-2
2114,злоупотребления,-2
2115,злоупотребление,-2
2116,стон,-2
2117,стонал,-2
2118,стоны,-2
2119,стоны,-2
2120,насмехаться,-2
2121,издевался,-2
2122,насмешливый,-2
2123,издевается,-2
2124,модернизировать,2
2125,модернизированный,2
2126,модернизирует,2
2127,модернизация,2
2128,торгашество,-2
2129,монополизировать,-2
2130,монополизированный,-2
2131,монополизирует,-2
2132,монополизация,-2
2133,монотонный,-1
2134,капризный,-1
2135,хандрить,-1
2136,хандрить,-1
2137,придурок,-3
2138,ублюдок,-5
2139,мать твою,-5
2140,мотивировать,1
2141,мотивированный,2
2142,мотивирующий,2
2143,мотивация,1
2144,оплакивать,-2
2145,оплакивал,-2
2146,скорбный,-2
2147,траур,-2
2148,скорбит,-2
2149,мутный,-2
2150,шаловливый,-2
2151,убийство,-2
2152,убийца,-2
2153,убийство,-3
2154,убийственный,-3
2155,убийства,-2
2156,мутный,-2
2157,миф,-1
2158,n00b,-2
2159,наивный,-2
2160,нарциссизм,-2
2161,противный,-3
2162,естественный,1
2163,наивный,-2
2164,нуждающийся,-2
2165,отрицательный,-2
2166,негатив,-2
2167,пренебрегать,-2
2168,заброшенный,-2
2169,пренебрегая,-2
2170,пренебрегает,-2
2171,нервы,-1
2172,нервный,-2
2173,нервно,-2
2174,отлично,3
2175,изящный,2
2176,ниггеры,-5
2177,негр,-5
2178,нет,-1
2179,не весело,-3
2180,благородный,2
2181,благороднейший,2
2182,шумный,-1
2183,не утвержденный,-2
2184,ерунда,-2
2185,нуб,-2
2186,любопытный,-2
2187,не хорошо,-2
2188,не работает,-3
2189,примечательный,2
2190,заметный,2
2191,пресловутый,-2
2192,Роман,2
2193,онемевший,-1
2194,воспитание,2
2195,орехи,-3
2196,стереть,-2
2197,стертый,-2
2198,противный,-3
2199,непристойный,-2
2200,непристойность,-2
2201,одержимый,2
2202,устаревший,-2
2203,препятствие,-2
2204,препятствия,-2
2205,упрямый,-2
2206,препятствовать,-2
2207,заблокирован,-2
2208,препятствие,-2
2209,препятствие,-2
2210,препятствует,-2
2211,странный,-2
2212,преступление,-2
2213,правонарушения,-2
2214,обидеть,-2
2215,обиженный,-2
2216,преступник,-2
2217,оскорбление,-2
2218,оскорбляет,-2
2219,преступление,-2
2220,правонарушения,-2
2221,наступление,-2
2222,обидно,-2
2223,не в сети,-1
2224,ок,2
2225,зловещий,3
2226,раз в жизни,3
2227,ой,-2
2228,возможности,2
2229,возможность,2
2230,угнетенный,-2
2231,угнетение,-2
2232,угнетения,-2
2233,гнетущий,-2
2234,оптимизм,2
2235,оптимистичный,2
2236,необязательный,-2
2237,подвергать остракизму,-2
2238,подвергнутый остракизму,-2
2239,подвергает остракизму,-2
2240,ой,-2
2241,отключение,-2
2242,перебои,-2
2243,вспышка,-2
2244,вспышки,-2
2245,крик,-2
2246,перехитрил,-2
2247,в меньшинстве,-2
2248,возмущение,-3
2249,возмущен,-3
2250,возмутительный,-3
2251,информационно-пропагандистская деятельность,2
2252,выдающийся,5
2253,в восторге,4
2254,перегрузка,-1
2255,пропущенный,-1
2256,чрезмерно защищающий,-2
2257,захватить,-2
2258,остро реагировать,-2
2259,остро отреагировал,-2
2260,остро реагирующий,-2
2261,чрезмерная реакция,-2
2262,остро реагирует,-2
2263,перепродавать,-2
2264,перепродажа,-2
2265,перепродажа,-2
2266,надзор,-1
2267,чрезмерное упрощение,-2
2268,упрощенный,-2
2269,упрощает,-2
2270,упрощать,-2
2271,перепроданный,-2
2272,преувеличение,-2
2273,преувеличения,-2
2274,лишний вес,-1
2275,перегруженный,-3
2276,оксюморон,-1
2277,боль,-2
2278,больно,-2
2279,болезненный,-2
2280,паника,-3
2281,в панике,-3
2282,паника,-3
2283,рай,3
2284,парадокс,-1
2285,прощение,2
2286,помилован,2
2287,прощение,2
2288,прощения,2
2289,переговоры,-1
2290,страсть,1
2291,страстный,2
2292,пассивный,-1
2293,пассивно,-1
2294,жалкий,-2
2295,платить,-1
2296,мир,2
2297,мирный,2
2298,мирно,2
2299,наказывать,-2
2300,наказан,-2
2301,наказывает,-2
2302,наказание,-2
2303,штраф,-2
2304,задумчивый,-1
2305,Отлично,3
2306,усовершенствованный,2
2307,совершенство,3
2308,прекрасно,3
2309,совершенствует,2
2310,опасность,-2
2311,лжесвидетельство,-3
2312,совершенный,-2
2313,преступник,-2
2314,преступники,-2
2315,озадаченный,-2
2316,преследовать,-2
2317,преследуемый,-2
2318,преследует,-2
2319,преследование,-2
2320,встревоженный,-2
2321,извращенец,-3
2322,надоедливый,-2
2323,пессимизм,-2
2324,пессимистичный,-2
2325,окаменел,-2
2326,благотворительность,2
2327,фобия,-2
2328,живописный,2
2329,скопление,-1
2330,грабеж,-2
2331,досада,-2
2332,задетый,-2
2333,ссать,-4
2334,злой,-4
2335,писает,-3
2336,жалкий,-2
2337,жалкий,-1
2338,жалость,-2
2339,чума,-3
2340,измученный,-3
2341,язвы,-3
2342,мучить,-3
2343,игривый,2
2344,приятный,3
2345,пожалуйста,1
2346,довольный,3
2347,приятный,3
2348,удовольствие,3
2349,тяжеловесный,-2
2350,пронзительный,2
2351,бессмысленно,-2
2352,уравновешенный,-2
2353,яд,-2
2354,отравлен,-2
2355,яды,-2
2356,отполированный,2
2357,вежливый,2
2358,вежливость,2
2359,загрязнитель,-2
2360,загрязнять,-2
2361,загрязненный,-2
2362,загрязнитель,-2
2363,загрязнители,-2
2364,загрязняет,-2
2365,загрязнение,-2
2366,бедные,-2
2367,беднее,-2
2368,беднейший,-2
2369,плохо,-2
2370,популярный,3
2371,популярность,3
2372,положительный,2
2373,положительно,2
2374,притяжательный падеж,-2
2375,Посттравматический,-2
2376,откладывать,-1
2377,перенесенный,-1
2378,откладывает,-1
2379,откладывание,-1
2380,бедность,-1
2381,мощный,2
2382,бессильный,-2
2383,хвалить,3
2384,похвалил,3
2385,хвалит,3
2386,хвалят,3
2387,молиться,1
2388,молиться,1
2389,молится,1
2390,прблм,-2
2391,prblms,-2
2392,хищный,-2
2393,готовый,1
2394,давление,-1
2395,давление,-2
2396,притворяться,-1
2397,притворяться,-1
2398,притворяется,-1
2399,красивая,1
2400,не допустить,-1
2401,предотвратил,-1
2402,предотвращение,-1
2403,предотвращает,-1
2404,уколоть,-5
2405,тюрьма,-2
2406,пленник,-2
2407,заключенные,-2
2408,привилегированный,2
2409,активный,2
2410,проблема,-2
2411,проблемы,-2
2412,выгода,2
2413,прибыльный,2
2414,воспользоваться,-2
2415,прибыль,2
2416,прогресс,2
2417,запретить,-1
2418,запрещает,-1
2419,видный,2
2420,обещать,1
2421,обещал,1
2422,обещания,1
2423,продвигать,1
2424,продвинутый,1
2425,продвигает,1
2426,продвижение,1
2427,быстро,1
2428,пропаганда,-2
2429,преследовать,-1
2430,преследуется по суду,-2
2431,преследует,-1
2432,судебное преследование,-1
2433,перспектива,1
2434,перспективы,1
2435,процветание,3
2436,процветающий,3
2437,защищать,1
2438,защищенный,1
2439,защищает,1
2440,протест,-2
2441,протестующие,-2
2442,протестующий,-2
2443,протесты,-2
2444,гордый,2
2445,гордо,2
2446,провоцировать,-1
2447,спровоцированный,-1
2448,провоцирует,-1
2449,провоцирующий,-1
2450,благоразумие,2
2451,лженаука,-3
2452,психопатический,-2
2453,наказывать,-2
2454,наказан,-2
2455,наказывает,-2
2456,наказание,-2
2457,карательный,-2
2458,чистый,1
2459,чистейший,1
2460,целеустремленный,2
2461,напористый,-1
2462,озадачен,-2
2463,дрожь,-2
2464,качества,2
2465,качество,2
2466,сомнительный,-2
2467,под сомнение,-1
2468,допрос,-1
2469,расизм,-3
2470,расист,-3
2471,расисты,-3
2472,ярость,-2
2473,гневный,-2
2474,дождливый,-1
2475,разглагольствовать,-3
2476,скряга,-3
2477,скандалисты,-3
2478,разглагольствования,-3
2479,изнасилование,-4
2480,изнасилован,-4
2481,насильник,-4
2482,восторг,2
2483,восхищен,2
2484,восторги,2
2485,восторженный,4
2486,сыпь,-2
2487,ратифицирован,2
2488,достигать,1
2489,достиг,1
2490,достигает,1
2491,достигая,1
2492,успокаивать,1
2493,успокоенный,1
2494,успокаивает,1
2495,обнадеживающий,2
2496,бунтарь,-2
2497,бунт,-2
2498,повстанцы,-2
2499,спад,-2
2500,безрассудный,-2
2501,признание,2
2502,рекомендую,2
2503,рекомендуемые,2
2504,рекомендует,2
2505,выкуплен,2
2506,уточнять,1
2507,изысканный,1
2508,уточняет,1
2509,освежающе,2
2510,мусор,-2
2511,отказалась,-2
2512,отказывается,-2
2513,отказ,-2
2514,сожалеть,-2
2515,прискорбный,-2
2516,сожалеет,-2
2517,пожалел,-2
2518,сожаление,-2
2519,царствующий,1
2520,отклонять,-1
2521,отклоненный,-1
2522,отвергая,-1
2523,отказ,-2
2524,отвергает,-1
2525,радоваться,4
2526,радовался,4
2527,радуется,4
2528,радуясь,4
2529,расслабленный,2
2530,безжалостный,-1
2531,надежность,2
2532,надежный,2
2533,надежно,2
2534,полагающийся,2
2535,облегчить,1
2536,с облегчением,2
2537,снимает,1
2538,облегчение,2
2539,смаковать,2
2540,замечательный,2
2541,угрызение совести,-2
2542,репеллент,-2
2543,ответ,-2
2544,последствия,-2
2545,выговор,-2
2546,выговор,-2
2547,выговор,-2
2548,выговоры,-2
2549,отпор,-1
2550,отброшен,-2
2551,отталкивающий,-2
2552,спасать,2
2553,спасенный,2
2554,спасает,2
2555,обиженный,-2
2556,в отставку,-1
2557,подал в отставку,-1
2558,уход в отставку,-1
2559,уходит в отставку,-1
2560,решительный,2
2561,разрешающая способность,2
2562,разрешить,2
2563,решено,2
2564,решает,2
2565,разрешение,2
2566,уважать,2
2567,уважаемый,2
2568,уважает,2
2569,обязанность,1
2570,ответственный,2
2571,отзывчивый,2
2572,успокаивающий,2
2573,беспокойный,-2
2574,восстановить,1
2575,восстановлен,1
2576,восстанавливает,1
2577,восстановление,1
2578,ограничивать,-2
2579,ограниченный,-2
2580,ограничение,-2
2581,ограничение,-2
2582,ограничительный,-1
2583,ограничивает,-2
2584,сохранил,-1
2585,тормозить,-2
2586,отсталый,-2
2587,спасаться бегством,-1
2588,жажда мести,-2
2589,мстительный,-2
2590,почитаемый,2
2591,возродить,2
2592,возрождает,2
2593,отвратительный,-2
2594,награда,2
2595,награжден,2
2596,награждение,2
2597,награды,2
2598,богатые,2
2599,богато,2
2600,нелепый,-3
2601,буровая установка,-1
2602,сфальсифицированный,-1
2603,правильное направление,3
2604,праведность,2
2605,законный,2
2606,по праву,2
2607,тщательный,3
2608,строго,3
2609,бунт,-2
2610,бунты,-2
2611,подниматься,1
2612,поднимается,1
2613,риск,-2
2614,риски,-2
2615,рискованно,-2
2616,захватывающий,3
2617,грабить,-2
2618,грабитель,-2
2619,одетый,-2
2620,облачение,-2
2621,грабит,-2
2622,крепкий,2
2623,rofl,4
2624,вертолет,4
2625,Roflmao,4
2626,романтика,2
2627,романтический,2
2628,романтично,2
2629,Роза,1
2630,ротфл,4
2631,Rotflmfao,4
2632,ротфлол,4
2633,сгнивший,-3
2634,грубый,-2
2635,разорение,-2
2636,разрушенный,-2
2637,разрушение,-2
2638,руины,-2
2639,саботаж,-2
2640,печальный,-2
2641,печалить,-2
2642,опечаленный,-2
2643,грустно,-2
2644,безопасно,1
2645,безопасно,1
2646,безопаснее,2
2647,безопасность,1
2648,выдающийся,1
2649,салют,2
2650,приветствовал,2
2651,салюты,2
2652,приветствуя,2
2653,спасение,2
2654,сочный,-1
2655,саркастический,-2
2656,удовлетворен,2
2657,саванга,-2
2658,Savanges,-2
2659,спасти,2
2660,сохранен,2
2661,сбережения,1
2662,мошенничество,-2
2663,мошенничество,-2
2664,скандал,-3
2665,скандальный,-3
2666,скандалы,-3
2667,козел отпущения,-2
2668,козлы отпущения,-2
2669,напугать,-2
2670,напугана,-2
2671,шрам,-2
2672,шрамы,-2
2673,страшный,-2
2674,скептический,-2
2675,ругать,-2
2676,совок,3
2677,презрение,-2
2678,презрительный,-2
2679,крик,-2
2680,кричал,-2
2681,кричать,-2
2682,крики,-2
2683,облажался,-2
2684,облажался,-3
2685,подонок,-3
2686,подонок,-4
2687,бесшовные,2
2688,плавно,2
2689,безопасный,2
2690,обеспечен,2
2691,обеспечивает,2
2692,подстрекательство,-2
2693,крамольный,-2
2694,соблазнил,-1
2695,самоуничижение,-2
2696,самоуверенный,2
2697,противоречивый,-2
2698,самообман,-2
2699,эгоистичный,-3
2700,эгоизм,-3
2701,предложение,-2
2702,приговорен,-2
2703,предложения,-2
2704,вынесение приговора,-2
2705,безмятежный,2
2706,поселок,1
2707,населенные пункты,1
2708,тяжелый,-2
2709,строго,-2
2710,сексист,-2
2711,сексистский,-2
2712,сексуальный,3
2713,шаткий,-2
2714,стыд,-2
2715,пристыженный,-2
2716,постыдный,-2
2717,доля,1
2718,общий,1
2719,акции,1
2720,разбитый,-2
2721,дерьмо,-4
2722,придурок,-4
2723,дерьмовый,-3
2724,шок,-2
2725,потрясенный,-2
2726,шокирующий,-2
2727,потрясения,-2
2728,убогий,-2
2729,стрелять,-1
2730,недальновидный,-2
2731,близорукость,-2
2732,нехватка,-2
2733,нехватка,-2
2734,землеройка,-4
2735,застенчивый,-1
2736,больной,-2
2737,болезнь,-2
2738,побочный эффект,-2
2739,побочные эффекты,-2
2740,вздох,-2
2741,значимость,1
2742,значительный,1
2743,заглушить,-1
2744,глупый,-1
2745,простота,1
2746,без,-2
2747,искренний,2
2748,искренне,2
2749,искренний,2
2750,искренность,2
2751,грешный,-3
2752,целеустремленный,-2
2753,зловещий,-2
2754,грехи,-2
2755,скептик,-2
2756,скептический,-2
2757,скептицизм,-2
2758,скептики,-2
2759,хлопнуть,-2
2760,слэш,-2
2761,порезанный,-2
2762,косые черты,-2
2763,рубящий,-2
2764,раб,-3
2765,рабство,-3
2766,рабы,-3
2767,бессонница,-2
2768,ловкий,2
2769,пижон,2
2770,самый хитрый,2
2771,соскальзывать,-1
2772,небрежный,-2
2773,вялый,-2
2774,сползание,-1
2775,шлюха,-5
2776,умная,1
2777,умнее,2
2778,самый умный,2
2779,мазок,-2
2780,улыбка,2
2781,улыбнулся,2
2782,улыбается,2
2783,улыбающийся,2
2784,смог,-2
2785,провозить контрабандой,-2
2786,контрабандой,-2
2787,контрабанда,-2
2788,контрабанда,-2
2789,подлый,-1
2790,чихать,-2
2791,чихнул,-2
2792,чихает,-2
2793,чихание,-2
2794,пренебрежительно,-2
2795,пренебрежительно,-2
2796,пренебрежительное отношение,-2
2797,пренебрежение,-2
2798,отрезвляющий,1
2799,торжественный,-1
2800,твердый,2
2801,солидарность,2
2802,затвердевший,2
2803,затвердевает,2
2804,затвердеть,2
2805,затвердевание,2
2806,решение,1
2807,решения,1
2808,решить,1
2809,решено,1
2810,решает,1
2811,решение,1
2812,мрачный,-2
2813,какой-то,0
2814,Сукин сын,-5
2815,успокаивать,3
2816,успокоенный,3
2817,успокаивающий,3
2818,сложный,2
2819,больной,-1
2820,печаль,-2
2821,печальный,-2
2822,Прости,-1
2823,просторный,1
2824,спам,-2
2825,спамер,-3
2826,спамеры,-3
2827,рассылка спама,-2
2828,Искра,1
2829,сверкать,3
2830,искрится,3
2831,сверкающий,3
2832,острие,2
2833,спекулятивный,-2
2834,дух,1
2835,энергичный,2
2836,бездуховный,-2
2837,злобный,-2
2838,великолепный,3
2839,испорченный,-2
2840,испорченный,-2
2841,безупречный,2
2842,бодро,2
2843,разбазаривать,-2
2844,растратил,-2
2845,расточительство,-2
2846,расточитель,-2
2847,подавленный,-1
2848,колоть,-2
2849,зарезан,-2
2850,стабильный,2
2851,удары,-2
2852,ларек,-2
2853,остановился,-2
2854,торможение,-2
2855,выносливость,2
2856,давка,-2
2857,вонять,-2
2858,испуганный,-2
2859,поразительный,3
2860,голодать,-2
2861,голодал,-2
2862,голодает,-2
2863,изголодавшийся,-2
2864,стойкий,2
2865,воровать,-2
2866,воровство,-2
2867,ворует,-2
2868,стереотип,-2
2869,стереотипный,-2
2870,задушен,-1
2871,стимулировать,1
2872,стимулированный,1
2873,стимулирует,1
2874,стимулирующий,2
2875,скупой,-2
2876,вонять,-2
2877,вонял,-2
2878,вонючка,-2
2879,вонючий,-2
2880,воняет,-2
2881,вонючий,-2
2882,украл,-2
2883,украденный,-2
2884,останавливаться,-1
2885,остановился,-1
2886,остановка,-1
2887,останавливается,-1
2888,толстый,2
2889,прямой,1
2890,странный,-1
2891,как ни странно,-1
2892,задушен,-2
2893,сила,2
2894,укреплять,2
2895,усиленный,2
2896,укрепление,2
2897,укрепляет,2
2898,сильные стороны,2
2899,стресс,-1
2900,подчеркнул,-2
2901,стрессор,-2
2902,стрессоры,-2
2903,пораженный,-2
2904,забастовка,-1
2905,нападающие,-2
2906,удары,-1
2907,сильный,2
2908,сильнее,2
2909,сильнейший,2
2910,ударил,-1
2911,борьба,-2
2912,боролся,-2
2913,борьба,-2
2914,столкнувшийся с трудностями,-2
2915,упертый,-2
2916,застрявший,-2
2917,ошеломлен,-2
2918,оглушительный,4
2919,тупой,-2
2920,глупость,-3
2921,тупо,-2
2922,учтивый,2
2923,повестка в суд,-2
2924,существенный,1
2925,существенно,1
2926,подрывной,-2
2927,преуспевать,3
2928,удалось,3
2929,успешный,3
2930,преуспевает,3
2931,успех,2
2932,успешный,3
2933,успешно,3
2934,сосать,-3
2935,отстой,-3
2936,Сью,-2
2937,подал в суд,-2
2938,подавать в суд,-2
2939,подает в суд,-2
2940,страдать,-2
2941,пострадал,-2
2942,страдающий,-2
2943,страдающие,-2
2944,страдания,-2
2945,страдает,-2
2946,суицидальный,-2
2947,самоубийство,-2
2948,самоубийства,-2
2949,судиться,-2
2950,подходящее,2
2951,подходит,2
2952,дуться,-2
2953,угрюмый,-2
2954,угрюмый,-2
2955,Солнечный свет,2
2956,супер,3
2957,превосходно,5
2958,начальство,2
2959,служба поддержки,2
2960,поддержанный,2
2961,сторонник,1
2962,сторонники,1
2963,поддерживающий,1
2964,поддерживающий,2
2965,поддерживает,2
2966,Верховный,4
2967,выжил,2
2968,выживающий,2
2969,оставшийся в живых,2
2970,подозревать,-1
2971,подозреваемый,-1
2972,подозревая,-1
2973,подозреваемые,-1
2974,приостановить,-1
2975,приостановленный,-1
2976,подозрительный,-2
2977,устойчивость,1
2978,стабильный,2
2979,устойчиво,2
2980,клянусь,-2
2981,ругань,-2
2982,ругается,-2
2983,милая,2
2984,слаще,3
2985,сладчайший,3
2986,быстрый,2
2987,быстро,2
2988,мошенничество,-3
2989,жульничества,-3
2990,мошенничество,-3
2991,сочувствующий,2
2992,сочувствие,2
2993,портить,-2
2994,испорченный,-2
2995,талант,2
2996,поздно,-2
2997,тускнеть,-2
2998,потускневший,-2
2999,тускнеет,-2
3000,слезы,-2
3001,нежный,2
3002,нежность,2
3003,напряженный,-2
3004,напряжение,-1
3005,ужасный,-3
3006,ужасно,-3
3007,потрясающий,4
3008,ужасно,4
3009,испуганный,-3
3010,ужас,-3
3011,террорист,-2
3012,террористы,-2
3013,терроризировать,-3
3014,терроризировали,-3
3015,терроризирует,-3
3016,благодарить,2
3017,благодарен,2
3018,Благодарность,2
3019,колючий,-2
3020,заботливая,2
3021,легкомысленный,-2
3022,угроза,-2
3023,угрожать,-2
3024,под угрозой,-2
3025,угрожающий,-2
3026,угрожает,-2
3027,угрозы,-2
3028,взволнованный,5
3029,помешать,-2
3030,сорванный,-2
3031,помешать,-2
3032,мешает,-2
3033,робкий,-2
3034,робкий,-2
3035,устала,-2
3036,сиськи,-2
3037,толерантность,2
3038,терпимый,2
3039,беззубый,-2
3040,вершина,2
3041,вершины,2
3042,разорванный,-2
3043,пытка,-4
3044,замученный,-4
3045,пытки,-4
3046,пытки,-4
3047,тоталитарный,-2
3048,тоталитаризм,-2
3049,все,-2
3050,разрекламированный,-2
3051,рекламировать,-2
3052,рекламирует,-2
3053,ядовитый,-3
3054,трагедии,-2
3055,трагедия,-2
3056,трагедия,-2
3057,безмятежный,2
3058,нарушать,-2
3059,грешил,-2
3060,грешит,-2
3061,нарушающий,-2
3062,ловушка,-1
3063,в ловушке,-2
3064,ловушки,-1
3065,травма,-3
3066,травматический,-3
3067,пародия,-2
3068,измена,-3
3069,изменнический,-3
3070,сокровище,2
3071,сокровища,2
3072,дрожь,-2
3073,тремор,-2
3074,тремор,-2
3075,дрожащий,-2
3076,невзгоды,-2
3077,дань уважения,2
3078,обманутый,-2
3079,обман,-2
3080,торжество,4
3081,торжествующий,4
3082,тролль,-2
3083,беда,-2
3084,обеспокоенный,-2
3085,неприятности,-2
3086,тревожный,-2
3087,истинный,2
3088,доверять,1
3089,доверенный,2
3090,трасты,1
3091,опухоль,-2
3092,пизда,-5
3093,тиран,-3
3094,тиранический,-3
3095,тиранический,-3
3096,тиранически,-3
3097,тираны,-3
3098,вездесущий,2
3099,фу,-2
3100,уродство,-3
3101,уродливый,-3
3102,не могущий,-2
3103,неприемлемый,-2
3104,неприемлемый,-2
3105,недооцененный,-2
3106,неутвержденный,-2
3107,непривлекательный,-2
3108,недоступен,-1
3109,бесполезный,-2
3110,не подозревая,-2
3111,невыносимый,-2
3112,невероятный,-1
3113,неверующий,-1
3114,беспристрастный,2
3115,неуверенный,-1
3116,неясно,-1
3117,неудобный,-2
3118,беззаботный,-2
3119,неподтвержденный,-1
3120,неубедительный,-1
3121,в титрах не указан,-1
3122,нерешительный,-1
3123,недоваренный,-2
3124,недооценивать,-1
3125,недооцененный,-1
3126,недооценивает,-1
3127,недооценивать,-1
3128,подорвать,-2
3129,подорванный,-2
3130,подрывает,-2
3131,подрыв,-2
3132,отставать,-2
3133,недостаточно эффективный,-2
3134,неэффективный,-2
3135,отстает,-2
3136,недостойный,-2
3137,нежелательный,-2
3138,беспокойный,-2
3139,безработные,-1
3140,безработица,-2
3141,неравный,-1
3142,непревзойденный,2
3143,неэтичный,-2
3144,без происшествий,-2
3145,несправедливый,-2
3146,неблагоприятный,-2
3147,непригодный,-2
3148,непригодный,-2
3149,несфокусированный,-2
3150,непростительный,-3
3151,неумолимый,-2
3152,невыполненный,-2
3153,несмешной,-2
3154,неблагородный,-2
3155,неблагодарный,-3
3156,несчастный,-2
3157,несчастье,-2
3158,нездоровый,-2
3159,антисанитарный,-2
3160,единый,1
3161,лишенный воображения,-2
3162,не впечатлен,-2
3163,невдохновленный,-2
3164,неразумный,-2
3165,непреднамеренный,-2
3166,не вовлекающий,-2
3167,объединились,1
3168,несправедливый,-2
3169,навряд ли,-1
3170,нелюбимый,-2
3171,нелюбимый,-2
3172,бесподобный,1
3173,немотивированный,-2
3174,неоригинальный,-2
3175,непарламентский,-2
3176,неприятный,-2
3177,неприятность,-2
3178,непрофессиональный,-2
3179,разгадывать,1
3180,неизданный,-2
3181,неизученный,-2
3182,небезопасно,-2
3183,неудовлетворенный,-2
3184,ненаучный,-2
3185,необеспеченный,-2
3186,бескорыстный,2
3187,неурегулированный,-1
3188,непроданный,-1
3189,бесхитростный,-2
3190,нездоровый,-2
3191,неустойчивый,-2
3192,неудержим,2
3193,неудачный,-2
3194,безуспешно,-2
3195,неподдерживаемый,-2
3196,неуверенный,-1
3197,незапятнанный,2
3198,неправда,-2
3199,нежелательный,-2
3200,недостойный,-2
3201,поднимающий настроение,2
3202,шум,-3
3203,расстроена,-2
3204,расстраивает,-2
3205,расстраивает,-2
3206,встревоженный,-2
3207,срочный,-1
3208,полезный,2
3209,полезность,2
3210,бесполезный,-2
3211,бесполезность,-2
3212,нечеткий,-2
3213,подтверждать,1
3214,подтверждено,1
3215,подтверждает,1
3216,подтверждение,1
3217,банальный,-2
3218,приговор,-1
3219,приговоры,-1
3220,наделенный,1
3221,досада,-2
3222,досадный,-2
3223,яркий,3
3224,беспощадный,-2
3225,потерпевший,-3
3226,виктимизация,-3
3227,преследовать,-3
3228,жертва,-3
3229,преследует,-3
3230,виктимизирующий,-3
3231,жертвы,-3
3232,Виктор,3
3233,победители,3
3234,победа,3
3235,победы,3
3236,бдительный,3
3237,сила,3
3238,мерзкий,-3
3239,оправдывать,2
3240,подтвержден,2
3241,оправдывает,2
3242,оправдание,2
3243,нарушать,-2
3244,нарушен,-2
3245,нарушает,-2
3246,нарушение,-2
3247,нарушение,-2
3248,нарушения,-2
3249,насилие,-3
3250,связанный с насилием,-3
3251,жестокий,-3
3252,яростно,-3
3253,добродетельный,2
3254,ядовитый,-2
3255,зрение,1
3256,провидец,3
3257,видение,1
3258,видения,1
3259,жизнеспособность,3
3260,витамин,1
3261,язвительный,-3
3262,жизнерадостный,3
3263,ярко,2
3264,громкий,-1
3265,рвота,-3
3266,вырвало,-3
3267,рвота,-3
3268,рвота,-3
3269,уязвимость,-2
3270,уязвимый,-2
3271,выходить,-2
3272,забастовки,-2
3273,дрочить,-3
3274,хотеть,1
3275,война,-2
3276,военное дело,-2
3277,теплый,1
3278,сердечный,2
3279,тепло,2
3280,тепло,2
3281,предупреждать,-2
3282,предупрежден,-2
3283,предупреждение,-3
3284,предупреждения,-3
3285,предупреждает,-2
3286,трата,-1
3287,потрачены впустую,-2
3288,тратить впустую,-2
3289,колеблющийся,-1
3290,слабый,-2
3291,ослабленный,-2
3292,слабое место,-2
3293,слабые стороны,-2
3294,богатство,3
3295,богаче,2
3296,богатый,2
3297,усталый,-2
3298,плакать,-2
3299,плач,-2
3300,странный,-2
3301,Добро пожаловать,2
3302,приветствовал,2
3303,приветствует,2
3304,благополучие,2
3305,хорошо защищенный,3
3306,хорошо развитый,2
3307,хорошо зарекомендовавший себя,2
3308,хорошо сфокусированный,2
3309,ухоженный,2
3310,стройный,2
3311,причудливый,1
3312,обелить,-3
3313,шлюха,-4
3314,безнравственный,-2
3315,овдовевший,-1
3316,готовность,2
3317,выиграть,4
3318,победитель,4
3319,победа,4
3320,выигрывает,4
3321,Winwin,3
3322,мудрость,1
3323,желание,1
3324,пожелания,1
3325,желая,1
3326,снятие,-3
3327,остроумие,2
3328,горе,-2
3329,печальный,-3
3330,выиграл,3
3331,замечательный,4
3332,чудесно,4
3333,ууу,3
3334,уууу,3
3335,уооо,4
3336,Вот это да,4
3337,изношенный,-1
3338,волновался,-3
3339,заботы,-3
3340,волноваться,-3
3341,беспокойство,-3
3342,хуже,-3
3343,ухудшаться,-3
3344,ухудшился,-3
3345,ухудшение,-3
3346,ухудшается,-3
3347,поклонялись,3
3348,наихудший,-3
3349,стоящий,2
3350,бесполезный,-2
3351,достойный,2
3352,Вот это да,4
3353,вау,4
3354,вау,4
3355,гневный,-3
3356,крушение,-2
3357,мучительный,-2
3358,неправильно,-2
3359,проступок,-2
3360,проступки,-2
3361,обиженный,-2
3362,неправомерный,-2
3363,неправомерно,-2
3364,неправильно,-2
3365,wtf,-4
3366,wtff,-4
3367,wtfff,-4
3368,хо,3
3369,xoxo,3
3370,xoxoxo,4
3371,xoxoxoxo,4
3372,Ага,1
3373,тоска,1
3374,ага,2
3375,да,1
3376,молодой,2
3377,противный,-2
3378,вкусный,3
3379,фанатик,-2
3380,фанатики,-2
3381,усердный,2
